{
  "line_1": [
    0,
    0,
    0.20000000298023224,
    0,
    0.20000000298023224,
    0.10000000149011612,
    0.4000000059604645,
    0.30000001192092896,
    1,
    0.4000000059604645
  ],
  "line_2": [
    0,
    0,
    0.5,
    0,
    0.5,
    0.30000001192092896,
    0.699999988079071,
    0.5,
    1,
    0.6000000238418579
  ],
  "line_0": [
    0,
    0.10000000149011612,
    0.699999988079071,
    0.20000000298023224,
    1,
    0.20000000298023224
  ],
  "line_3": [
    0,
    0,
    0.699999988079071,
    0,
    0.699999988079071,
    0.5,
    1,
    0.8999999761581421
  ]
}