{
  "line_1": [
    0,
    0,
    0.20000000298023224,
    0,
    0.20000000298023224,
    0.25,
    0.3499999940395355,
    0.5,
    1,
    0.6000000238418579
  ],
  "line_2": [
    0,
    0,
    0.5,
    0,
    0.5,
    0.5,
    0.699999988079071,
    0.699999988079071,
    1,
    0.75
  ],
  "line_0": [
    0,
    0.30000001192092896,
    0.6000000238418579,
    0.75,
    1,
    0.949999988079071
  ],
  "line_3": [
    0,
    0,
    0.699999988079071,
    0,
    0.699999988079071,
    0.699999988079071,
    1,
    1
  ]
}